releaseDate,FIPS,stateAbb,NONE,D0,D1,D2,D3,D4,validStart,validEnd,domStatisticFormatID
2015/6/30,2,AK,42.25,57.75,9.59,0,0,0,2015/6/30,2015/7/6,1
2015/6/30,1,AL,63.79,36.21,14.35,0,0,0,2015/6/30,2015/7/6,1
2015/6/30,5,AR,100,0,0,0,0,0,2015/6/30,2015/7/6,1
2015/6/30,4,AZ,7.04,92.96,76.15,24.56,0,0,2015/6/30,2015/7/6,1
2015/6/30,6,CA,0.14,99.86,98.71,94.59,71.08,46.73,2015/6/30,2015/7/6,1
2015/6/30,8,CO,74.22,25.78,0,0,0,0,2015/6/30,2015/7/6,1
2015/6/30,9,CT,0,100,22.68,0,0,0,2015/6/30,2015/7/6,1
2015/6/30,11,DC,100,0,0,0,0,0,2015/6/30,2015/7/6,1
2015/6/30,10,DE,100,0,0,0,0,0,2015/6/30,2015/7/6,1
2015/6/30,12,FL,59.04,40.96,19.78,5.55,0,0,2015/6/30,2015/7/6,1
2015/6/30,13,GA,52.93,47.07,13.56,2.46,0,0,2015/6/30,2015/7/6,1
2015/6/30,15,HI,32.6,67.4,24.23,1.33,0,0,2015/6/30,2015/7/6,1
2015/6/30,19,IA,99.7,0.3,0,0,0,0,2015/6/30,2015/7/6,1
2015/6/30,16,ID,0,100,82.11,44.66,6.29,0,2015/6/30,2015/7/6,1
2015/6/30,17,IL,99.89,0.11,0,0,0,0,2015/6/30,2015/7/6,1
2015/6/30,18,IN,100,0,0,0,0,0,2015/6/30,2015/7/6,1
2015/6/30,20,KS,90.36,9.64,3.49,0,0,0,2015/6/30,2015/7/6,1
2015/6/30,21,KY,86.33,13.67,0,0,0,0,2015/6/30,2015/7/6,1
2015/6/30,22,LA,100,0,0,0,0,0,2015/6/30,2015/7/6,1
2015/6/30,25,MA,0,100,11.57,0,0,0,2015/6/30,2015/7/6,1
2015/6/30,24,MD,100,0,0,0,0,0,2015/6/30,2015/7/6,1
2015/6/30,23,ME,78.64,21.36,5.93,0,0,0,2015/6/30,2015/7/6,1
2015/6/30,26,MI,90.52,9.48,0,0,0,0,2015/6/30,2015/7/6,1
2015/6/30,27,MN,93,7,0,0,0,0,2015/6/30,2015/7/6,1
2015/6/30,29,MO,99.6,0.4,0,0,0,0,2015/6/30,2015/7/6,1
2015/6/30,28,MS,89.06,10.94,0.07,0,0,0,2015/6/30,2015/7/6,1
2015/6/30,30,MT,40.08,59.92,40.56,16.23,0,0,2015/6/30,2015/7/6,1
2015/6/30,37,NC,50.31,49.69,15.86,0,0,0,2015/6/30,2015/7/6,1
2015/6/30,38,ND,90.98,9.02,0,0,0,0,2015/6/30,2015/7/6,1
2015/6/30,31,NE,89.32,10.68,2.19,0,0,0,2015/6/30,2015/7/6,1
2015/6/30,33,NH,48.86,51.14,0,0,0,0,2015/6/30,2015/7/6,1
2015/6/30,34,NJ,100,0,0,0,0,0,2015/6/30,2015/7/6,1
2015/6/30,35,NM,49.21,50.79,21.51,4.12,0,0,2015/6/30,2015/7/6,1
2015/6/30,32,NV,0,100,95.13,76.1,47.52,11.08,2015/6/30,2015/7/6,1
2015/6/30,36,NY,69.5,30.5,7.46,0,0,0,2015/6/30,2015/7/6,1
2015/6/30,39,OH,100,0,0,0,0,0,2015/6/30,2015/7/6,1
2015/6/30,40,OK,98.28,1.72,0,0,0,0,2015/6/30,2015/7/6,1
2015/6/30,41,OR,0,100,98.6,83.66,34.09,0,2015/6/30,2015/7/6,1
2015/6/30,42,PA,100,0,0,0,0,0,2015/6/30,2015/7/6,1
2015/6/30,72,PR,40.73,59.27,39.55,14.68,0,0,2015/6/30,2015/7/6,1
2015/6/30,44,RI,0,100,31.43,0,0,0,2015/6/30,2015/7/6,1
2015/6/30,45,SC,32.8,67.2,27.3,0,0,0,2015/6/30,2015/7/6,1
2015/6/30,46,SD,84.4,15.6,2.51,0,0,0,2015/6/30,2015/7/6,1
2015/6/30,47,TN,55.82,44.18,9.86,0,0,0,2015/6/30,2015/7/6,1
2015/6/30,48,TX,95.37,4.63,0.25,0,0,0,2015/6/30,2015/7/6,1
2015/6/30,49,UT,10.07,89.93,65.03,26.84,0,0,2015/6/30,2015/7/6,1
2015/6/30,51,VA,87.51,12.49,0,0,0,0,2015/6/30,2015/7/6,1
2015/6/30,50,VT,81.25,18.75,0,0,0,0,2015/6/30,2015/7/6,1
2015/6/30,53,WA,0,100,92.52,45.79,0,0,2015/6/30,2015/7/6,1
2015/6/30,55,WI,93.12,6.88,0,0,0,0,2015/6/30,2015/7/6,1
2015/6/30,54,WV,96.79,3.21,0,0,0,0,2015/6/30,2015/7/6,1
2015/6/30,56,WY,72.21,27.79,0.54,0,0,0,2015/6/30,2015/7/6,1
2015/7/7,2,AK,39.47,60.53,17.52,0,0,0,2015/7/7,2015/7/13,1
2015/7/7,1,AL,77.83,22.17,8.6,0,0,0,2015/7/7,2015/7/13,1
2015/7/7,5,AR,100,0,0,0,0,0,2015/7/7,2015/7/13,1
2015/7/7,4,AZ,7.04,92.96,76.15,24.56,0,0,2015/7/7,2015/7/13,1
2015/7/7,6,CA,0.14,99.86,98.71,94.59,71.08,46.73,2015/7/7,2015/7/13,1
2015/7/7,8,CO,74.22,25.78,0,0,0,0,2015/7/7,2015/7/13,1
2015/7/7,9,CT,8.22,91.78,22.68,0,0,0,2015/7/7,2015/7/13,1
2015/7/7,11,DC,100,0,0,0,0,0,2015/7/7,2015/7/13,1
2015/7/7,10,DE,100,0,0,0,0,0,2015/7/7,2015/7/13,1
2015/7/7,12,FL,55.54,44.46,20.24,6.93,1.5,0,2015/7/7,2015/7/13,1
2015/7/7,13,GA,60.6,39.4,14.9,2.46,0,0,2015/7/7,2015/7/13,1
2015/7/7,15,HI,32.6,67.4,24.23,1.33,0,0,2015/7/7,2015/7/13,1
2015/7/7,19,IA,100,0,0,0,0,0,2015/7/7,2015/7/13,1
2015/7/7,16,ID,0,100,82.11,52.23,7.01,0,2015/7/7,2015/7/13,1
2015/7/7,17,IL,100,0,0,0,0,0,2015/7/7,2015/7/13,1
2015/7/7,18,IN,100,0,0,0,0,0,2015/7/7,2015/7/13,1
2015/7/7,20,KS,90.36,9.64,3.49,0,0,0,2015/7/7,2015/7/13,1
2015/7/7,21,KY,100,0,0,0,0,0,2015/7/7,2015/7/13,1
2015/7/7,22,LA,100,0,0,0,0,0,2015/7/7,2015/7/13,1
2015/7/7,25,MA,50.88,49.12,0,0,0,0,2015/7/7,2015/7/13,1
2015/7/7,24,MD,100,0,0,0,0,0,2015/7/7,2015/7/13,1
2015/7/7,23,ME,78.64,21.36,5.93,0,0,0,2015/7/7,2015/7/13,1
2015/7/7,26,MI,90.52,9.48,0,0,0,0,2015/7/7,2015/7/13,1
2015/7/7,27,MN,100,0,0,0,0,0,2015/7/7,2015/7/13,1
2015/7/7,29,MO,100,0,0,0,0,0,2015/7/7,2015/7/13,1
2015/7/7,28,MS,91.27,8.73,0.07,0,0,0,2015/7/7,2015/7/13,1
2015/7/7,30,MT,27.97,72.03,42.31,25.92,13.6,0,2015/7/7,2015/7/13,1
2015/7/7,37,NC,62.88,37.12,15.86,0,0,0,2015/7/7,2015/7/13,1
2015/7/7,38,ND,90.86,9.14,0,0,0,0,2015/7/7,2015/7/13,1
2015/7/7,31,NE,97.77,2.23,0,0,0,0,2015/7/7,2015/7/13,1
2015/7/7,33,NH,84.2,15.8,0,0,0,0,2015/7/7,2015/7/13,1
2015/7/7,34,NJ,100,0,0,0,0,0,2015/7/7,2015/7/13,1
2015/7/7,35,NM,49.21,50.79,21.51,4.12,0,0,2015/7/7,2015/7/13,1
2015/7/7,32,NV,0,100,95.13,76.08,47.52,11.08,2015/7/7,2015/7/13,1
2015/7/7,36,NY,69.5,30.5,7.46,0,0,0,2015/7/7,2015/7/13,1
2015/7/7,39,OH,100,0,0,0,0,0,2015/7/7,2015/7/13,1
2015/7/7,40,OK,98.28,1.72,0,0,0,0,2015/7/7,2015/7/13,1
2015/7/7,41,OR,0,100,100,83.71,34.09,0,2015/7/7,2015/7/13,1
2015/7/7,42,PA,100,0,0,0,0,0,2015/7/7,2015/7/13,1
2015/7/7,72,PR,22.68,77.32,44.87,18.82,0.85,0,2015/7/7,2015/7/13,1
2015/7/7,44,RI,3.93,96.07,26.42,0,0,0,2015/7/7,2015/7/13,1
2015/7/7,45,SC,33.06,66.94,38.43,0,0,0,2015/7/7,2015/7/13,1
2015/7/7,46,SD,95.43,4.57,0,0,0,0,2015/7/7,2015/7/13,1
2015/7/7,47,TN,89.93,10.07,0,0,0,0,2015/7/7,2015/7/13,1
2015/7/7,48,TX,95.37,4.63,0.25,0,0,0,2015/7/7,2015/7/13,1
2015/7/7,49,UT,10.07,89.93,65.03,26.82,0,0,2015/7/7,2015/7/13,1
2015/7/7,51,VA,100,0,0,0,0,0,2015/7/7,2015/7/13,1
2015/7/7,50,VT,96.78,3.22,0,0,0,0,2015/7/7,2015/7/13,1
2015/7/7,53,WA,0,100,100,86.14,0,0,2015/7/7,2015/7/13,1
2015/7/7,55,WI,100,0,0,0,0,0,2015/7/7,2015/7/13,1
2015/7/7,54,WV,100,0,0,0,0,0,2015/7/7,2015/7/13,1
2015/7/7,56,WY,72.21,27.79,0.54,0,0,0,2015/7/7,2015/7/13,1
2015/7/14,2,AK,39.47,60.53,20.61,0,0,0,2015/7/14,2015/7/20,1
2015/7/14,1,AL,74.95,25.05,8.6,0,0,0,2015/7/14,2015/7/20,1
2015/7/14,5,AR,100,0,0,0,0,0,2015/7/14,2015/7/20,1
2015/7/14,4,AZ,7.04,92.96,76.15,24.56,0,0,2015/7/14,2015/7/20,1
2015/7/14,6,CA,0.14,99.86,98.71,94.59,71.08,46,2015/7/14,2015/7/20,1
2015/7/14,8,CO,97.96,2.04,0,0,0,0,2015/7/14,2015/7/20,1
2015/7/14,9,CT,37.06,62.94,22.68,0,0,0,2015/7/14,2015/7/20,1
2015/7/14,11,DC,100,0,0,0,0,0,2015/7/14,2015/7/20,1
2015/7/14,10,DE,100,0,0,0,0,0,2015/7/14,2015/7/20,1
2015/7/14,12,FL,55.54,44.46,21.67,9.81,1.84,0,2015/7/14,2015/7/20,1
2015/7/14,13,GA,54.87,45.13,15.82,2.46,0,0,2015/7/14,2015/7/20,1
2015/7/14,15,HI,34.32,65.68,25.48,2.77,0,0,2015/7/14,2015/7/20,1
2015/7/14,19,IA,94.11,5.89,0,0,0,0,2015/7/14,2015/7/20,1
2015/7/14,16,ID,0,100,85.95,52.35,7.01,0,2015/7/14,2015/7/20,1
2015/7/14,17,IL,100,0,0,0,0,0,2015/7/14,2015/7/20,1
2015/7/14,18,IN,100,0,0,0,0,0,2015/7/14,2015/7/20,1
2015/7/14,20,KS,78.76,21.24,3.49,0,0,0,2015/7/14,2015/7/20,1
2015/7/14,21,KY,100,0,0,0,0,0,2015/7/14,2015/7/20,1
2015/7/14,22,LA,100,0,0,0,0,0,2015/7/14,2015/7/20,1
2015/7/14,25,MA,87.33,12.67,0,0,0,0,2015/7/14,2015/7/20,1
2015/7/14,24,MD,100,0,0,0,0,0,2015/7/14,2015/7/20,1
2015/7/14,23,ME,78.64,21.36,5.93,0,0,0,2015/7/14,2015/7/20,1
2015/7/14,26,MI,90.52,9.48,0,0,0,0,2015/7/14,2015/7/20,1
2015/7/14,27,MN,99.84,0.16,0,0,0,0,2015/7/14,2015/7/20,1
2015/7/14,29,MO,100,0,0,0,0,0,2015/7/14,2015/7/20,1
2015/7/14,28,MS,91.26,8.74,0.07,0,0,0,2015/7/14,2015/7/20,1
2015/7/14,30,MT,28.58,71.42,42.31,25.92,13.6,0,2015/7/14,2015/7/20,1
2015/7/14,37,NC,61.29,38.71,15.86,0,0,0,2015/7/14,2015/7/20,1
2015/7/14,38,ND,89.26,10.74,0,0,0,0,2015/7/14,2015/7/20,1
2015/7/14,31,NE,95.63,4.37,0,0,0,0,2015/7/14,2015/7/20,1
2015/7/14,33,NH,86.39,13.61,0,0,0,0,2015/7/14,2015/7/20,1
2015/7/14,34,NJ,99.99,0.01,0,0,0,0,2015/7/14,2015/7/20,1
2015/7/14,35,NM,49.44,50.56,21.09,4.12,0,0,2015/7/14,2015/7/20,1
2015/7/14,32,NV,0,100,95.13,76.08,47.52,11.08,2015/7/14,2015/7/20,1
2015/7/14,36,NY,89.79,10.21,2.52,0,0,0,2015/7/14,2015/7/20,1
2015/7/14,39,OH,100,0,0,0,0,0,2015/7/14,2015/7/20,1
2015/7/14,40,OK,100,0,0,0,0,0,2015/7/14,2015/7/20,1
2015/7/14,41,OR,0,100,100,83.71,34.09,0,2015/7/14,2015/7/20,1
2015/7/14,42,PA,100,0,0,0,0,0,2015/7/14,2015/7/20,1
2015/7/14,72,PR,22.68,77.32,44.87,20.61,0.85,0,2015/7/14,2015/7/20,1
2015/7/14,44,RI,45.83,54.17,26.42,0,0,0,2015/7/14,2015/7/20,1
2015/7/14,45,SC,33.06,66.94,38.43,0,0,0,2015/7/14,2015/7/20,1
2015/7/14,46,SD,94.94,5.06,0,0,0,0,2015/7/14,2015/7/20,1
2015/7/14,47,TN,99.95,0.05,0,0,0,0,2015/7/14,2015/7/20,1
2015/7/14,48,TX,97.16,2.84,0,0,0,0,2015/7/14,2015/7/20,1
2015/7/14,49,UT,11.92,88.08,65.03,26.82,0,0,2015/7/14,2015/7/20,1
2015/7/14,51,VA,100,0,0,0,0,0,2015/7/14,2015/7/20,1
2015/7/14,50,VT,100,0,0,0,0,0,2015/7/14,2015/7/20,1
2015/7/14,53,WA,0,100,100,98.61,0,0,2015/7/14,2015/7/20,1
2015/7/14,55,WI,100,0,0,0,0,0,2015/7/14,2015/7/20,1
2015/7/14,54,WV,100,0,0,0,0,0,2015/7/14,2015/7/20,1
2015/7/14,56,WY,81.65,18.35,0.54,0,0,0,2015/7/14,2015/7/20,1
2015/7/21,2,AK,43.51,56.49,18.87,0,0,0,2015/7/21,2015/7/27,1
2015/7/21,1,AL,59.22,40.78,8.6,0,0,0,2015/7/21,2015/7/27,1
2015/7/21,5,AR,100,0,0,0,0,0,2015/7/21,2015/7/27,1
2015/7/21,4,AZ,7.04,92.96,74.94,9.57,0,0,2015/7/21,2015/7/27,1
2015/7/21,6,CA,0.14,99.86,97.35,94.59,71.08,46,2015/7/21,2015/7/27,1
2015/7/21,8,CO,97.96,2.04,0,0,0,0,2015/7/21,2015/7/27,1
2015/7/21,9,CT,37.06,62.94,22.68,0,0,0,2015/7/21,2015/7/27,1
2015/7/21,11,DC,100,0,0,0,0,0,2015/7/21,2015/7/27,1
2015/7/21,10,DE,100,0,0,0,0,0,2015/7/21,2015/7/27,1
2015/7/21,12,FL,54.74,45.26,22.98,8.9,1.84,0,2015/7/21,2015/7/27,1
2015/7/21,13,GA,49.75,50.25,20.56,2.04,0,0,2015/7/21,2015/7/27,1
2015/7/21,15,HI,34.32,65.68,25.53,2.75,0,0,2015/7/21,2015/7/27,1
2015/7/21,19,IA,93.17,6.83,0,0,0,0,2015/7/21,2015/7/27,1
2015/7/21,16,ID,0,100,85.95,52.35,7.01,0,2015/7/21,2015/7/27,1
2015/7/21,17,IL,100,0,0,0,0,0,2015/7/21,2015/7/27,1
2015/7/21,18,IN,100,0,0,0,0,0,2015/7/21,2015/7/27,1
2015/7/21,20,KS,78.21,21.79,3.49,0,0,0,2015/7/21,2015/7/27,1
2015/7/21,21,KY,100,0,0,0,0,0,2015/7/21,2015/7/27,1
2015/7/21,22,LA,99.51,0.49,0,0,0,0,2015/7/21,2015/7/27,1
2015/7/21,25,MA,87.33,12.67,0,0,0,0,2015/7/21,2015/7/27,1
2015/7/21,24,MD,100,0,0,0,0,0,2015/7/21,2015/7/27,1
2015/7/21,23,ME,78.64,21.36,5.93,0,0,0,2015/7/21,2015/7/27,1
2015/7/21,26,MI,90.52,9.48,0,0,0,0,2015/7/21,2015/7/27,1
2015/7/21,27,MN,99.84,0.16,0,0,0,0,2015/7/21,2015/7/27,1
2015/7/21,29,MO,100,0,0,0,0,0,2015/7/21,2015/7/27,1
2015/7/21,28,MS,89.66,10.34,0.07,0,0,0,2015/7/21,2015/7/27,1
2015/7/21,30,MT,28.58,71.42,42.31,25.92,13.6,0,2015/7/21,2015/7/27,1
2015/7/21,37,NC,61.29,38.71,17.28,0,0,0,2015/7/21,2015/7/27,1
2015/7/21,38,ND,86.83,13.17,0,0,0,0,2015/7/21,2015/7/27,1
2015/7/21,31,NE,95.63,4.37,0,0,0,0,2015/7/21,2015/7/27,1
2015/7/21,33,NH,86.39,13.61,0,0,0,0,2015/7/21,2015/7/27,1
2015/7/21,34,NJ,99.99,0.01,0,0,0,0,2015/7/21,2015/7/27,1
2015/7/21,35,NM,49.44,50.56,21.09,0.27,0,0,2015/7/21,2015/7/27,1
2015/7/21,32,NV,0,100,94.78,76.08,47.52,11.08,2015/7/21,2015/7/27,1
2015/7/21,36,NY,89.79,10.21,2.52,0,0,0,2015/7/21,2015/7/27,1
2015/7/21,39,OH,100,0,0,0,0,0,2015/7/21,2015/7/27,1
2015/7/21,40,OK,100,0,0,0,0,0,2015/7/21,2015/7/27,1
2015/7/21,41,OR,0,100,100,83.71,34.09,0,2015/7/21,2015/7/27,1
2015/7/21,42,PA,100,0,0,0,0,0,2015/7/21,2015/7/27,1
2015/7/21,72,PR,22.68,77.32,44.87,20.61,2.66,0,2015/7/21,2015/7/27,1
2015/7/21,44,RI,45.83,54.17,26.42,0,0,0,2015/7/21,2015/7/27,1
2015/7/21,45,SC,32.48,67.52,46.24,0,0,0,2015/7/21,2015/7/27,1
2015/7/21,46,SD,89.37,10.63,0,0,0,0,2015/7/21,2015/7/27,1
2015/7/21,47,TN,99.95,0.05,0,0,0,0,2015/7/21,2015/7/27,1
2015/7/21,48,TX,95.82,4.18,0,0,0,0,2015/7/21,2015/7/27,1
2015/7/21,49,UT,11.92,88.08,65.03,26.82,0,0,2015/7/21,2015/7/27,1
2015/7/21,51,VA,100,0,0,0,0,0,2015/7/21,2015/7/27,1
2015/7/21,50,VT,100,0,0,0,0,0,2015/7/21,2015/7/27,1
2015/7/21,53,WA,0,100,100,98.61,0,0,2015/7/21,2015/7/27,1
2015/7/21,55,WI,100,0,0,0,0,0,2015/7/21,2015/7/27,1
2015/7/21,54,WV,100,0,0,0,0,0,2015/7/21,2015/7/27,1
2015/7/21,56,WY,81.65,18.35,0.54,0,0,0,2015/7/21,2015/7/27,1
2015/7/28,2,AK,28.93,71.07,20.05,0,0,0,2015/7/28,2015/8/3,1
2015/7/28,1,AL,59.9,40.1,9.37,0,0,0,2015/7/28,2015/8/3,1
2015/7/28,5,AR,99.95,0.05,0,0,0,0,2015/7/28,2015/8/3,1
2015/7/28,4,AZ,7.04,92.96,74.94,9.57,0,0,2015/7/28,2015/8/3,1
2015/7/28,6,CA,0.14,99.86,97.35,94.59,71.08,46,2015/7/28,2015/8/3,1
2015/7/28,8,CO,97.95,2.05,0,0,0,0,2015/7/28,2015/8/3,1
2015/7/28,9,CT,37.06,62.94,22.68,0,0,0,2015/7/28,2015/8/3,1
2015/7/28,11,DC,100,0,0,0,0,0,2015/7/28,2015/8/3,1
2015/7/28,10,DE,100,0,0,0,0,0,2015/7/28,2015/8/3,1
2015/7/28,12,FL,60.11,39.89,17.19,8.19,1.21,0,2015/7/28,2015/8/3,1
2015/7/28,13,GA,41.84,58.16,22.88,1.35,0,0,2015/7/28,2015/8/3,1
2015/7/28,15,HI,34.32,65.68,25.53,2.75,0,0,2015/7/28,2015/8/3,1
2015/7/28,19,IA,93.97,6.03,0,0,0,0,2015/7/28,2015/8/3,1
2015/7/28,16,ID,0,100,86.63,51.71,22.2,0,2015/7/28,2015/8/3,1
2015/7/28,17,IL,100,0,0,0,0,0,2015/7/28,2015/8/3,1
2015/7/28,18,IN,100,0,0,0,0,0,2015/7/28,2015/8/3,1
2015/7/28,20,KS,68.33,31.67,3.49,0,0,0,2015/7/28,2015/8/3,1
2015/7/28,21,KY,100,0,0,0,0,0,2015/7/28,2015/8/3,1
2015/7/28,22,LA,51.06,48.94,0,0,0,0,2015/7/28,2015/8/3,1
2015/7/28,25,MA,87.33,12.67,0,0,0,0,2015/7/28,2015/8/3,1
2015/7/28,24,MD,100,0,0,0,0,0,2015/7/28,2015/8/3,1
2015/7/28,23,ME,78.64,21.36,5.93,0,0,0,2015/7/28,2015/8/3,1
2015/7/28,26,MI,81.22,18.78,0,0,0,0,2015/7/28,2015/8/3,1
2015/7/28,27,MN,80.07,19.93,0,0,0,0,2015/7/28,2015/8/3,1
2015/7/28,29,MO,100,0,0,0,0,0,2015/7/28,2015/8/3,1
2015/7/28,28,MS,82.99,17.01,0.07,0,0,0,2015/7/28,2015/8/3,1
2015/7/28,30,MT,36.94,63.06,35.7,23.5,13.95,0,2015/7/28,2015/8/3,1
2015/7/28,37,NC,61.29,38.71,17.54,2.03,0,0,2015/7/28,2015/8/3,1
2015/7/28,38,ND,86.83,13.17,0,0,0,0,2015/7/28,2015/8/3,1
2015/7/28,31,NE,81.28,18.72,0,0,0,0,2015/7/28,2015/8/3,1
2015/7/28,33,NH,86.39,13.61,0,0,0,0,2015/7/28,2015/8/3,1
2015/7/28,34,NJ,99.99,0.01,0,0,0,0,2015/7/28,2015/8/3,1
2015/7/28,35,NM,49.44,50.56,19.35,0.27,0,0,2015/7/28,2015/8/3,1
2015/7/28,32,NV,0,100,94.78,76.08,39.86,11.08,2015/7/28,2015/8/3,1
2015/7/28,36,NY,89.79,10.21,2.52,0,0,0,2015/7/28,2015/8/3,1
2015/7/28,39,OH,100,0,0,0,0,0,2015/7/28,2015/8/3,1
2015/7/28,40,OK,100,0,0,0,0,0,2015/7/28,2015/8/3,1
2015/7/28,41,OR,0,100,100,100,48.31,0,2015/7/28,2015/8/3,1
2015/7/28,42,PA,100,0,0,0,0,0,2015/7/28,2015/8/3,1
2015/7/28,72,PR,16.83,83.17,49.36,38.27,12.4,0,2015/7/28,2015/8/3,1
2015/7/28,44,RI,45.83,54.17,26.42,0,0,0,2015/7/28,2015/8/3,1
2015/7/28,45,SC,14.26,85.74,47.53,0.03,0,0,2015/7/28,2015/8/3,1
2015/7/28,46,SD,91.45,8.55,0,0,0,0,2015/7/28,2015/8/3,1
2015/7/28,47,TN,99.95,0.05,0,0,0,0,2015/7/28,2015/8/3,1
2015/7/28,48,TX,86.45,13.55,0.65,0,0,0,2015/7/28,2015/8/3,1
2015/7/28,49,UT,11.92,88.08,65.03,26.82,0,0,2015/7/28,2015/8/3,1
2015/7/28,51,VA,100,0,0,0,0,0,2015/7/28,2015/8/3,1
2015/7/28,50,VT,100,0,0,0,0,0,2015/7/28,2015/8/3,1
2015/7/28,53,WA,0,100,100,99.99,31.74,0,2015/7/28,2015/8/3,1
2015/7/28,55,WI,95.16,4.84,0,0,0,0,2015/7/28,2015/8/3,1
2015/7/28,54,WV,100,0,0,0,0,0,2015/7/28,2015/8/3,1
2015/7/28,56,WY,81.65,18.35,0.54,0,0,0,2015/7/28,2015/8/3,1
2015/8/4,2,AK,28.93,71.07,20.05,0,0,0,2015/8/4,2015/8/10,1
2015/8/4,1,AL,38.84,61.16,18.46,0,0,0,2015/8/4,2015/8/10,1
2015/8/4,5,AR,94.31,5.69,0,0,0,0,2015/8/4,2015/8/10,1
2015/8/4,4,AZ,7.04,92.96,74.94,9.57,0,0,2015/8/4,2015/8/10,1
2015/8/4,6,CA,0.14,99.86,97.35,94.59,71.08,46,2015/8/4,2015/8/10,1
2015/8/4,8,CO,97.95,2.05,0,0,0,0,2015/8/4,2015/8/10,1
2015/8/4,9,CT,38.82,61.18,22.65,0,0,0,2015/8/4,2015/8/10,1
2015/8/4,11,DC,100,0,0,0,0,0,2015/8/4,2015/8/10,1
2015/8/4,10,DE,100,0,0,0,0,0,2015/8/4,2015/8/10,1
2015/8/4,12,FL,62.82,37.18,15.43,7.61,1.21,0,2015/8/4,2015/8/10,1
2015/8/4,13,GA,31.24,68.76,34.34,0,0,0,2015/8/4,2015/8/10,1
2015/8/4,15,HI,34.32,65.68,25.53,2.75,0,0,2015/8/4,2015/8/10,1
2015/8/4,19,IA,86.39,13.61,0,0,0,0,2015/8/4,2015/8/10,1
2015/8/4,16,ID,0,100,86.63,51.71,22.2,0,2015/8/4,2015/8/10,1
2015/8/4,17,IL,99.67,0.33,0,0,0,0,2015/8/4,2015/8/10,1
2015/8/4,18,IN,100,0,0,0,0,0,2015/8/4,2015/8/10,1
2015/8/4,20,KS,68.33,31.67,3.49,0,0,0,2015/8/4,2015/8/10,1
2015/8/4,21,KY,100,0,0,0,0,0,2015/8/4,2015/8/10,1
2015/8/4,22,LA,26.7,73.3,34.22,0,0,0,2015/8/4,2015/8/10,1
2015/8/4,25,MA,78.65,21.35,0,0,0,0,2015/8/4,2015/8/10,1
2015/8/4,24,MD,100,0,0,0,0,0,2015/8/4,2015/8/10,1
2015/8/4,23,ME,78.64,21.36,6.82,0,0,0,2015/8/4,2015/8/10,1
2015/8/4,26,MI,81.22,18.78,0,0,0,0,2015/8/4,2015/8/10,1
2015/8/4,27,MN,79.89,20.11,0,0,0,0,2015/8/4,2015/8/10,1
2015/8/4,29,MO,100,0,0,0,0,0,2015/8/4,2015/8/10,1
2015/8/4,28,MS,79.82,20.18,0.53,0,0,0,2015/8/4,2015/8/10,1
2015/8/4,30,MT,36.94,63.06,35.7,23.5,13.95,0,2015/8/4,2015/8/10,1
2015/8/4,37,NC,40.23,59.77,18.38,5.17,0,0,2015/8/4,2015/8/10,1
2015/8/4,38,ND,86.83,13.17,0,0,0,0,2015/8/4,2015/8/10,1
2015/8/4,31,NE,81.28,18.72,0,0,0,0,2015/8/4,2015/8/10,1
2015/8/4,33,NH,61.51,38.49,0,0,0,0,2015/8/4,2015/8/10,1
2015/8/4,34,NJ,99.27,0.73,0,0,0,0,2015/8/4,2015/8/10,1
2015/8/4,35,NM,49.44,50.56,19.35,0.27,0,0,2015/8/4,2015/8/10,1
2015/8/4,32,NV,0,100,94.78,76.08,39.86,11.08,2015/8/4,2015/8/10,1
2015/8/4,36,NY,93.38,6.62,2.52,0,0,0,2015/8/4,2015/8/10,1
2015/8/4,39,OH,100,0,0,0,0,0,2015/8/4,2015/8/10,1
2015/8/4,40,OK,98.66,1.34,0,0,0,0,2015/8/4,2015/8/10,1
2015/8/4,41,OR,0,100,100,100,48.31,0,2015/8/4,2015/8/10,1
2015/8/4,42,PA,100,0,0,0,0,0,2015/8/4,2015/8/10,1
2015/8/4,72,PR,15.26,84.74,61.14,44.96,20.25,0,2015/8/4,2015/8/10,1
2015/8/4,44,RI,59.02,40.98,17.32,0,0,0,2015/8/4,2015/8/10,1
2015/8/4,45,SC,7.16,92.84,63.6,23.48,0,0,2015/8/4,2015/8/10,1
2015/8/4,46,SD,91.45,8.55,0,0,0,0,2015/8/4,2015/8/10,1
2015/8/4,47,TN,97.21,2.79,0,0,0,0,2015/8/4,2015/8/10,1
2015/8/4,48,TX,72.33,27.67,4.61,0.18,0,0,2015/8/4,2015/8/10,1
2015/8/4,49,UT,11.92,88.08,65.03,26.82,0,0,2015/8/4,2015/8/10,1
2015/8/4,51,VA,100,0,0,0,0,0,2015/8/4,2015/8/10,1
2015/8/4,50,VT,90.97,9.03,0,0,0,0,2015/8/4,2015/8/10,1
2015/8/4,53,WA,0,100,100,99.99,31.74,0,2015/8/4,2015/8/10,1
2015/8/4,55,WI,73.93,26.07,0,0,0,0,2015/8/4,2015/8/10,1
2015/8/4,54,WV,100,0,0,0,0,0,2015/8/4,2015/8/10,1
2015/8/4,56,WY,81.65,18.35,0.54,0,0,0,2015/8/4,2015/8/10,1
2015/8/11,2,AK,28.93,71.07,20.05,0,0,0,2015/8/11,2015/8/17,1
2015/8/11,1,AL,41.15,58.85,18.85,0,0,0,2015/8/11,2015/8/17,1
2015/8/11,5,AR,55.02,44.98,5.41,0,0,0,2015/8/11,2015/8/17,1
2015/8/11,4,AZ,7.04,92.96,74.94,9.57,0,0,2015/8/11,2015/8/17,1
2015/8/11,6,CA,0.14,99.86,97.35,92.36,71.08,46,2015/8/11,2015/8/17,1
2015/8/11,8,CO,97.96,2.04,0,0,0,0,2015/8/11,2015/8/17,1
2015/8/11,9,CT,5.59,94.41,22.65,0,0,0,2015/8/11,2015/8/17,1
2015/8/11,11,DC,100,0,0,0,0,0,2015/8/11,2015/8/17,1
2015/8/11,10,DE,100,0,0,0,0,0,2015/8/11,2015/8/17,1
2015/8/11,12,FL,60.47,39.53,15.43,7.61,1.21,0,2015/8/11,2015/8/17,1
2015/8/11,13,GA,38.96,61.04,31.32,0,0,0,2015/8/11,2015/8/17,1
2015/8/11,15,HI,37.66,62.34,25.53,2.75,0,0,2015/8/11,2015/8/17,1
2015/8/11,19,IA,86.39,13.61,0.23,0,0,0,2015/8/11,2015/8/17,1
2015/8/11,16,ID,0,100,86.63,47.97,27.98,0,2015/8/11,2015/8/17,1
2015/8/11,17,IL,99.67,0.33,0.02,0,0,0,2015/8/11,2015/8/17,1
2015/8/11,18,IN,100,0,0,0,0,0,2015/8/11,2015/8/17,1
2015/8/11,20,KS,93.12,6.88,0,0,0,0,2015/8/11,2015/8/17,1
2015/8/11,21,KY,100,0,0,0,0,0,2015/8/11,2015/8/17,1
2015/8/11,22,LA,0.02,99.98,54.1,18.54,0,0,2015/8/11,2015/8/17,1
2015/8/11,25,MA,70.94,29.06,0,0,0,0,2015/8/11,2015/8/17,1
2015/8/11,24,MD,100,0,0,0,0,0,2015/8/11,2015/8/17,1
2015/8/11,23,ME,78.64,21.36,6.82,0,0,0,2015/8/11,2015/8/17,1
2015/8/11,26,MI,88.74,11.26,0,0,0,0,2015/8/11,2015/8/17,1
2015/8/11,27,MN,84.27,15.73,0,0,0,0,2015/8/11,2015/8/17,1
2015/8/11,29,MO,100,0,0,0,0,0,2015/8/11,2015/8/17,1
2015/8/11,28,MS,37.3,62.7,9.41,0,0,0,2015/8/11,2015/8/17,1
2015/8/11,30,MT,36.94,63.06,35.7,23.5,14.36,0,2015/8/11,2015/8/17,1
2015/8/11,37,NC,35.16,64.84,22.77,5.17,0,0,2015/8/11,2015/8/17,1
2015/8/11,38,ND,92.37,7.63,0,0,0,0,2015/8/11,2015/8/17,1
2015/8/11,31,NE,98.73,1.27,0,0,0,0,2015/8/11,2015/8/17,1
2015/8/11,33,NH,60.82,39.18,0,0,0,0,2015/8/11,2015/8/17,1
2015/8/11,34,NJ,61.81,38.19,0,0,0,0,2015/8/11,2015/8/17,1
2015/8/11,35,NM,49.44,50.56,19.35,0.27,0,0,2015/8/11,2015/8/17,1
2015/8/11,32,NV,0,100,94.78,76.08,37.52,15.93,2015/8/11,2015/8/17,1
2015/8/11,36,NY,76.36,23.64,2.52,0,0,0,2015/8/11,2015/8/17,1
2015/8/11,39,OH,100,0,0,0,0,0,2015/8/11,2015/8/17,1
2015/8/11,40,OK,86.64,13.36,1.32,0,0,0,2015/8/11,2015/8/17,1
2015/8/11,41,OR,0,100,100,100,49.87,0,2015/8/11,2015/8/17,1
2015/8/11,42,PA,100,0,0,0,0,0,2015/8/11,2015/8/17,1
2015/8/11,72,PR,13.81,86.19,63.82,44.96,24.89,0,2015/8/11,2015/8/17,1
2015/8/11,44,RI,51.57,48.43,17.32,0,0,0,2015/8/11,2015/8/17,1
2015/8/11,45,SC,7.16,92.84,63.79,23.48,0,0,2015/8/11,2015/8/17,1
2015/8/11,46,SD,96.96,3.04,0,0,0,0,2015/8/11,2015/8/17,1
2015/8/11,47,TN,95.25,4.75,0,0,0,0,2015/8/11,2015/8/17,1
2015/8/11,48,TX,60.86,39.14,18.49,4.28,0,0,2015/8/11,2015/8/17,1
2015/8/11,49,UT,11.92,88.08,63.12,26.82,0,0,2015/8/11,2015/8/17,1
2015/8/11,51,VA,100,0,0,0,0,0,2015/8/11,2015/8/17,1
2015/8/11,50,VT,81.69,18.31,0,0,0,0,2015/8/11,2015/8/17,1
2015/8/11,53,WA,0,100,100,99.99,42.51,0,2015/8/11,2015/8/17,1
2015/8/11,55,WI,88.41,11.59,6.28,0,0,0,2015/8/11,2015/8/17,1
2015/8/11,54,WV,100,0,0,0,0,0,2015/8/11,2015/8/17,1
2015/8/11,56,WY,81.65,18.35,0.51,0,0,0,2015/8/11,2015/8/17,1
2015/8/18,2,AK,28.93,71.07,20.05,0,0,0,2015/8/18,2015/8/24,1
2015/8/18,1,AL,46.11,53.89,10.86,0,0,0,2015/8/18,2015/8/24,1
2015/8/18,5,AR,54.73,45.27,5.42,0.39,0,0,2015/8/18,2015/8/24,1
2015/8/18,4,AZ,7.04,92.96,70.79,5.57,0,0,2015/8/18,2015/8/24,1
2015/8/18,6,CA,0.14,99.86,97.35,92.36,71.08,46,2015/8/18,2015/8/24,1
2015/8/18,8,CO,97.96,2.04,0,0,0,0,2015/8/18,2015/8/24,1
2015/8/18,9,CT,5.59,94.41,22.65,0,0,0,2015/8/18,2015/8/24,1
2015/8/18,11,DC,100,0,0,0,0,0,2015/8/18,2015/8/24,1
2015/8/18,10,DE,100,0,0,0,0,0,2015/8/18,2015/8/24,1
2015/8/18,12,FL,60.28,39.72,16.15,7.04,3.42,0,2015/8/18,2015/8/24,1
2015/8/18,13,GA,42.14,57.86,32.55,2.99,0,0,2015/8/18,2015/8/24,1
2015/8/18,15,HI,37.66,62.34,25.53,2.75,0,0,2015/8/18,2015/8/24,1
2015/8/18,19,IA,93.95,6.05,0.23,0,0,0,2015/8/18,2015/8/24,1
2015/8/18,16,ID,0,100,86.63,47.97,27.98,0,2015/8/18,2015/8/24,1
2015/8/18,17,IL,99.67,0.33,0.02,0,0,0,2015/8/18,2015/8/24,1
2015/8/18,18,IN,100,0,0,0,0,0,2015/8/18,2015/8/24,1
2015/8/18,20,KS,93.12,6.88,0,0,0,0,2015/8/18,2015/8/24,1
2015/8/18,21,KY,100,0,0,0,0,0,2015/8/18,2015/8/24,1
2015/8/18,22,LA,0.02,99.98,54.1,18.54,0,0,2015/8/18,2015/8/24,1
2015/8/18,25,MA,70.94,29.06,0,0,0,0,2015/8/18,2015/8/24,1
2015/8/18,24,MD,93.05,6.95,0,0,0,0,2015/8/18,2015/8/24,1
2015/8/18,23,ME,78.64,21.36,6.82,0,0,0,2015/8/18,2015/8/24,1
2015/8/18,26,MI,76.61,23.39,0,0,0,0,2015/8/18,2015/8/24,1
2015/8/18,27,MN,84.36,15.64,3.24,0,0,0,2015/8/18,2015/8/24,1
2015/8/18,29,MO,100,0,0,0,0,0,2015/8/18,2015/8/24,1
2015/8/18,28,MS,37.3,62.7,7.99,0,0,0,2015/8/18,2015/8/24,1
2015/8/18,30,MT,36.94,63.06,35.7,23.5,14.36,0,2015/8/18,2015/8/24,1
2015/8/18,37,NC,27.03,72.97,31.03,5.77,0,0,2015/8/18,2015/8/24,1
2015/8/18,38,ND,92.37,7.63,0,0,0,0,2015/8/18,2015/8/24,1
2015/8/18,31,NE,100,0,0,0,0,0,2015/8/18,2015/8/24,1
2015/8/18,33,NH,60.82,39.18,0,0,0,0,2015/8/18,2015/8/24,1
2015/8/18,34,NJ,61.81,38.19,0,0,0,0,2015/8/18,2015/8/24,1
2015/8/18,35,NM,49.44,50.56,13.08,0,0,0,2015/8/18,2015/8/24,1
2015/8/18,32,NV,0,100,94.78,76.08,37.52,15.93,2015/8/18,2015/8/24,1
2015/8/18,36,NY,76.36,23.64,2.52,0,0,0,2015/8/18,2015/8/24,1
2015/8/18,39,OH,80.05,19.95,0,0,0,0,2015/8/18,2015/8/24,1
2015/8/18,40,OK,69.16,30.84,9.29,1.38,0,0,2015/8/18,2015/8/24,1
2015/8/18,41,OR,0,100,100,100,49.89,0,2015/8/18,2015/8/24,1
2015/8/18,42,PA,79.07,20.93,0,0,0,0,2015/8/18,2015/8/24,1
2015/8/18,72,PR,13.46,86.54,63.82,44.96,24.89,0,2015/8/18,2015/8/24,1
2015/8/18,44,RI,51.57,48.43,17.32,0,0,0,2015/8/18,2015/8/24,1
2015/8/18,45,SC,6.85,93.15,63.79,27.73,0,0,2015/8/18,2015/8/24,1
2015/8/18,46,SD,100,0,0,0,0,0,2015/8/18,2015/8/24,1
2015/8/18,47,TN,95.25,4.75,0,0,0,0,2015/8/18,2015/8/24,1
2015/8/18,48,TX,57.66,42.34,25.28,8.37,0,0,2015/8/18,2015/8/24,1
2015/8/18,49,UT,11.92,88.08,63.12,26.82,0,0,2015/8/18,2015/8/24,1
2015/8/18,51,VA,100,0,0,0,0,0,2015/8/18,2015/8/24,1
2015/8/18,50,VT,81.69,18.31,0,0,0,0,2015/8/18,2015/8/24,1
2015/8/18,53,WA,0,100,100,99.99,50.8,0,2015/8/18,2015/8/24,1
2015/8/18,55,WI,84.64,15.36,6.28,0,0,0,2015/8/18,2015/8/24,1
2015/8/18,54,WV,97.36,2.64,0,0,0,0,2015/8/18,2015/8/24,1
2015/8/18,56,WY,81.65,18.35,0.51,0,0,0,2015/8/18,2015/8/24,1
2015/8/25,2,AK,28.93,71.07,20.05,0,0,0,2015/8/25,2015/8/31,1
2015/8/25,1,AL,50.15,49.85,4.97,0,0,0,2015/8/25,2015/8/31,1
2015/8/25,5,AR,55.09,44.91,5.64,0.06,0,0,2015/8/25,2015/8/31,1
2015/8/25,4,AZ,7.04,92.96,70.79,5.57,0,0,2015/8/25,2015/8/31,1
2015/8/25,6,CA,0.14,99.86,97.35,92.36,71.08,46,2015/8/25,2015/8/31,1
2015/8/25,8,CO,97.96,2.04,0,0,0,0,2015/8/25,2015/8/31,1
2015/8/25,9,CT,5.59,94.41,21.06,0,0,0,2015/8/25,2015/8/31,1
2015/8/25,11,DC,100,0,0,0,0,0,2015/8/25,2015/8/31,1
2015/8/25,10,DE,100,0,0,0,0,0,2015/8/25,2015/8/31,1
2015/8/25,12,FL,61.87,38.13,16.49,7.98,4.07,0,2015/8/25,2015/8/31,1
2015/8/25,13,GA,46.49,53.51,29.6,2.99,0,0,2015/8/25,2015/8/31,1
2015/8/25,15,HI,55.43,44.57,24.14,2.75,0,0,2015/8/25,2015/8/31,1
2015/8/25,19,IA,93.95,6.05,0,0,0,0,2015/8/25,2015/8/31,1
2015/8/25,16,ID,0,100,91.93,48.09,29.18,0,2015/8/25,2015/8/31,1
2015/8/25,17,IL,99.67,0.33,0,0,0,0,2015/8/25,2015/8/31,1
2015/8/25,18,IN,100,0,0,0,0,0,2015/8/25,2015/8/31,1
2015/8/25,20,KS,93.12,6.88,0,0,0,0,2015/8/25,2015/8/31,1
2015/8/25,21,KY,100,0,0,0,0,0,2015/8/25,2015/8/31,1
2015/8/25,22,LA,0.1,99.9,59.83,6.91,0,0,2015/8/25,2015/8/31,1
2015/8/25,25,MA,70.94,29.06,0,0,0,0,2015/8/25,2015/8/31,1
2015/8/25,24,MD,93.05,6.95,0,0,0,0,2015/8/25,2015/8/31,1
2015/8/25,23,ME,78.64,21.36,6.82,0,0,0,2015/8/25,2015/8/31,1
2015/8/25,26,MI,76.49,23.51,0,0,0,0,2015/8/25,2015/8/31,1
2015/8/25,27,MN,89.52,10.48,3.24,0,0,0,2015/8/25,2015/8/31,1
2015/8/25,29,MO,100,0,0,0,0,0,2015/8/25,2015/8/31,1
2015/8/25,28,MS,39.46,60.54,19.96,6.88,0,0,2015/8/25,2015/8/31,1
2015/8/25,30,MT,32.21,67.79,36.24,27.54,18.17,0,2015/8/25,2015/8/31,1
2015/8/25,37,NC,19.02,80.98,27.54,2.33,0,0,2015/8/25,2015/8/31,1
2015/8/25,38,ND,92.35,7.65,0,0,0,0,2015/8/25,2015/8/31,1
2015/8/25,31,NE,100,0,0,0,0,0,2015/8/25,2015/8/31,1
2015/8/25,33,NH,60.82,39.18,0,0,0,0,2015/8/25,2015/8/31,1
2015/8/25,34,NJ,62.83,37.17,0,0,0,0,2015/8/25,2015/8/31,1
2015/8/25,35,NM,49.44,50.56,13.08,0,0,0,2015/8/25,2015/8/31,1
2015/8/25,32,NV,0,100,94.78,76.08,37.52,15.93,2015/8/25,2015/8/31,1
2015/8/25,36,NY,76.09,23.91,1.95,0,0,0,2015/8/25,2015/8/31,1
2015/8/25,39,OH,79.98,20.02,0,0,0,0,2015/8/25,2015/8/31,1
2015/8/25,40,OK,81.86,18.14,8.85,0,0,0,2015/8/25,2015/8/31,1
2015/8/25,41,OR,0,100,100,100,67.29,0,2015/8/25,2015/8/31,1
2015/8/25,42,PA,74.16,25.84,0,0,0,0,2015/8/25,2015/8/31,1
2015/8/25,72,PR,21.22,78.78,63.82,44.96,24.89,0,2015/8/25,2015/8/31,1
2015/8/25,44,RI,51.57,48.43,17.32,0,0,0,2015/8/25,2015/8/31,1
2015/8/25,45,SC,8.34,91.66,63.79,26.73,0,0,2015/8/25,2015/8/31,1
2015/8/25,46,SD,100,0,0,0,0,0,2015/8/25,2015/8/31,1
2015/8/25,47,TN,95.28,4.72,0,0,0,0,2015/8/25,2015/8/31,1
2015/8/25,48,TX,59.34,40.66,23.52,6.37,0,0,2015/8/25,2015/8/31,1
2015/8/25,49,UT,11.92,88.08,63.12,26.82,0,0,2015/8/25,2015/8/31,1
2015/8/25,51,VA,92.64,7.36,0,0,0,0,2015/8/25,2015/8/31,1
2015/8/25,50,VT,81.69,18.31,0,0,0,0,2015/8/25,2015/8/31,1
2015/8/25,53,WA,0,100,100,99.99,84.64,0,2015/8/25,2015/8/31,1
2015/8/25,55,WI,84.63,15.37,6.12,0,0,0,2015/8/25,2015/8/31,1
2015/8/25,54,WV,97.36,2.64,0,0,0,0,2015/8/25,2015/8/31,1
2015/8/25,56,WY,81.18,18.82,0.84,0,0,0,2015/8/25,2015/8/31,1
2015/9/1,2,AK,29.14,70.86,17.75,0,0,0,2015/9/1,2015/9/7,1
2015/9/1,1,AL,57.18,42.82,11.16,0,0,0,2015/9/1,2015/9/7,1
2015/9/1,5,AR,55.08,44.92,14.49,4.45,0,0,2015/9/1,2015/9/7,1
2015/9/1,4,AZ,7.04,92.96,70.79,5.57,0,0,2015/9/1,2015/9/7,1
2015/9/1,6,CA,0.14,99.86,97.35,92.36,71.08,46,2015/9/1,2015/9/7,1
2015/9/1,8,CO,97.01,2.99,0,0,0,0,2015/9/1,2015/9/7,1
2015/9/1,9,CT,5.83,94.17,21.06,0,0,0,2015/9/1,2015/9/7,1
2015/9/1,11,DC,100,0,0,0,0,0,2015/9/1,2015/9/7,1
2015/9/1,10,DE,99.95,0.05,0,0,0,0,2015/9/1,2015/9/7,1
2015/9/1,12,FL,67.17,32.83,20.82,6.75,2.92,0,2015/9/1,2015/9/7,1
2015/9/1,13,GA,50.17,49.83,27.05,2.99,0,0,2015/9/1,2015/9/7,1
2015/9/1,15,HI,55.43,44.57,24.14,2.75,0,0,2015/9/1,2015/9/7,1
2015/9/1,19,IA,95.72,4.28,0,0,0,0,2015/9/1,2015/9/7,1
2015/9/1,16,ID,0,100,91.93,48.09,29.26,0,2015/9/1,2015/9/7,1
2015/9/1,17,IL,99.7,0.3,0,0,0,0,2015/9/1,2015/9/7,1
2015/9/1,18,IN,100,0,0,0,0,0,2015/9/1,2015/9/7,1
2015/9/1,20,KS,88.23,11.77,0,0,0,0,2015/9/1,2015/9/7,1
2015/9/1,21,KY,86.47,13.53,0,0,0,0,2015/9/1,2015/9/7,1
2015/9/1,22,LA,0.46,99.54,80.73,10.98,0,0,2015/9/1,2015/9/7,1
2015/9/1,25,MA,49.13,50.87,0.19,0,0,0,2015/9/1,2015/9/7,1
2015/9/1,24,MD,85.93,14.07,0,0,0,0,2015/9/1,2015/9/7,1
2015/9/1,23,ME,78.45,21.55,7.28,0,0,0,2015/9/1,2015/9/7,1
2015/9/1,26,MI,76.43,23.57,0,0,0,0,2015/9/1,2015/9/7,1
2015/9/1,27,MN,96.98,3.02,0,0,0,0,2015/9/1,2015/9/7,1
2015/9/1,29,MO,100,0,0,0,0,0,2015/9/1,2015/9/7,1
2015/9/1,28,MS,39.46,60.54,24.7,11.82,0,0,2015/9/1,2015/9/7,1
2015/9/1,30,MT,28.21,71.79,38.59,28.91,18.84,0,2015/9/1,2015/9/7,1
2015/9/1,37,NC,16.71,83.29,33.7,2.33,0,0,2015/9/1,2015/9/7,1
2015/9/1,38,ND,92.35,7.65,0,0,0,0,2015/9/1,2015/9/7,1
2015/9/1,31,NE,93.99,6.01,0,0,0,0,2015/9/1,2015/9/7,1
2015/9/1,33,NH,59.85,40.15,7.91,0,0,0,2015/9/1,2015/9/7,1
2015/9/1,34,NJ,17.95,82.05,17.03,0,0,0,2015/9/1,2015/9/7,1
2015/9/1,35,NM,49.44,50.56,13.08,0,0,0,2015/9/1,2015/9/7,1
2015/9/1,32,NV,0,100,94.78,76.08,37.52,15.93,2015/9/1,2015/9/7,1
2015/9/1,36,NY,74.99,25.01,1.99,0,0,0,2015/9/1,2015/9/7,1
2015/9/1,39,OH,79.98,20.02,0,0,0,0,2015/9/1,2015/9/7,1
2015/9/1,40,OK,79.57,20.43,8.84,2.83,0,0,2015/9/1,2015/9/7,1
2015/9/1,41,OR,0,100,100,100,67.28,0,2015/9/1,2015/9/7,1
2015/9/1,42,PA,74,26,0,0,0,0,2015/9/1,2015/9/7,1
2015/9/1,72,PR,21.22,78.78,63.82,44.96,24.89,0,2015/9/1,2015/9/7,1
2015/9/1,44,RI,19.56,80.44,17.32,0,0,0,2015/9/1,2015/9/7,1
2015/9/1,45,SC,8.39,91.61,63.98,26.73,0,0,2015/9/1,2015/9/7,1
2015/9/1,46,SD,100,0,0,0,0,0,2015/9/1,2015/9/7,1
2015/9/1,47,TN,95.2,4.8,0,0,0,0,2015/9/1,2015/9/7,1
2015/9/1,48,TX,58.06,41.94,24.76,9.99,1.32,0,2015/9/1,2015/9/7,1
2015/9/1,49,UT,11.92,88.08,63.12,26.82,0,0,2015/9/1,2015/9/7,1
2015/9/1,51,VA,72.86,27.14,0,0,0,0,2015/9/1,2015/9/7,1
2015/9/1,50,VT,72.4,27.6,0,0,0,0,2015/9/1,2015/9/7,1
2015/9/1,53,WA,0,100,100,99.99,67.96,0,2015/9/1,2015/9/7,1
2015/9/1,55,WI,87.88,12.12,3.47,0,0,0,2015/9/1,2015/9/7,1
2015/9/1,54,WV,97.13,2.87,0,0,0,0,2015/9/1,2015/9/7,1
2015/9/1,56,WY,81.3,18.7,0.84,0,0,0,2015/9/1,2015/9/7,1
2015/9/8,2,AK,39.61,60.39,9.9,0,0,0,2015/9/8,2015/9/14,1
2015/9/8,1,AL,52.91,47.09,15.04,0,0,0,2015/9/8,2015/9/14,1
2015/9/8,5,AR,52.8,47.2,32.82,6.8,1.94,0,2015/9/8,2015/9/14,1
2015/9/8,4,AZ,7.04,92.96,70.79,5.57,0,0,2015/9/8,2015/9/14,1
2015/9/8,6,CA,0.14,99.86,97.35,92.36,71.08,46,2015/9/8,2015/9/14,1
2015/9/8,8,CO,89.55,10.45,0,0,0,0,2015/9/8,2015/9/14,1
2015/9/8,9,CT,0,100,38.16,0,0,0,2015/9/8,2015/9/14,1
2015/9/8,11,DC,0,100,0,0,0,0,2015/9/8,2015/9/14,1
2015/9/8,10,DE,64.11,35.89,0,0,0,0,2015/9/8,2015/9/14,1
2015/9/8,12,FL,66.51,33.49,19.2,4.69,0,0,2015/9/8,2015/9/14,1
2015/9/8,13,GA,51.4,48.6,27.12,3.25,0,0,2015/9/8,2015/9/14,1
2015/9/8,15,HI,58.53,41.47,16.39,0,0,0,2015/9/8,2015/9/14,1
2015/9/8,19,IA,96.05,3.95,0,0,0,0,2015/9/8,2015/9/14,1
2015/9/8,16,ID,0,100,91.93,48.09,29.26,0,2015/9/8,2015/9/14,1
2015/9/8,17,IL,97.79,2.21,0,0,0,0,2015/9/8,2015/9/14,1
2015/9/8,18,IN,82.16,17.84,0,0,0,0,2015/9/8,2015/9/14,1
2015/9/8,20,KS,82.21,17.79,0,0,0,0,2015/9/8,2015/9/14,1
2015/9/8,21,KY,37.74,62.26,0,0,0,0,2015/9/8,2015/9/14,1
2015/9/8,22,LA,0.46,99.54,92.19,37.65,7.96,0,2015/9/8,2015/9/14,1
2015/9/8,25,MA,34.81,65.19,0.19,0,0,0,2015/9/8,2015/9/14,1
2015/9/8,24,MD,52.05,47.95,0,0,0,0,2015/9/8,2015/9/14,1
2015/9/8,23,ME,76.46,23.54,7.28,0,0,0,2015/9/8,2015/9/14,1
2015/9/8,26,MI,81.67,18.33,0,0,0,0,2015/9/8,2015/9/14,1
2015/9/8,27,MN,98.92,1.08,0,0,0,0,2015/9/8,2015/9/14,1
2015/9/8,29,MO,97.62,2.38,0,0,0,0,2015/9/8,2015/9/14,1
2015/9/8,28,MS,27.57,72.43,43.96,16.78,0,0,2015/9/8,2015/9/14,1
2015/9/8,30,MT,28.21,71.79,38.59,28.91,18.84,0,2015/9/8,2015/9/14,1
2015/9/8,37,NC,16.67,83.33,34.04,3.72,0,0,2015/9/8,2015/9/14,1
2015/9/8,38,ND,92.35,7.65,0,0,0,0,2015/9/8,2015/9/14,1
2015/9/8,31,NE,73.41,26.59,0,0,0,0,2015/9/8,2015/9/14,1
2015/9/8,33,NH,25.64,74.36,7.91,0,0,0,2015/9/8,2015/9/14,1
2015/9/8,34,NJ,11.69,88.31,17.2,0,0,0,2015/9/8,2015/9/14,1
2015/9/8,35,NM,49.44,50.56,13.08,0,0,0,2015/9/8,2015/9/14,1
2015/9/8,32,NV,0,100,94.78,76.08,37.52,15.93,2015/9/8,2015/9/14,1
2015/9/8,36,NY,37.64,62.36,4.95,0,0,0,2015/9/8,2015/9/14,1
2015/9/8,39,OH,78.94,21.06,0,0,0,0,2015/9/8,2015/9/14,1
2015/9/8,40,OK,74.53,25.47,12.55,3.88,0,0,2015/9/8,2015/9/14,1
2015/9/8,41,OR,0,100,100,100,67.28,0,2015/9/8,2015/9/14,1
2015/9/8,42,PA,66.01,33.99,0,0,0,0,2015/9/8,2015/9/14,1
2015/9/8,72,PR,22.43,77.57,57.24,44.96,17.98,0,2015/9/8,2015/9/14,1
2015/9/8,44,RI,19.56,80.44,17.06,0,0,0,2015/9/8,2015/9/14,1
2015/9/8,45,SC,7.82,92.18,65.93,33.49,0,0,2015/9/8,2015/9/14,1
2015/9/8,46,SD,100,0,0,0,0,0,2015/9/8,2015/9/14,1
2015/9/8,47,TN,88.81,11.19,0,0,0,0,2015/9/8,2015/9/14,1
2015/9/8,48,TX,52.57,47.43,27.14,13.23,2.5,0,2015/9/8,2015/9/14,1
2015/9/8,49,UT,11.92,88.08,63.12,26.82,0,0,2015/9/8,2015/9/14,1
2015/9/8,51,VA,41.19,58.81,0,0,0,0,2015/9/8,2015/9/14,1
2015/9/8,50,VT,49.71,50.29,0,0,0,0,2015/9/8,2015/9/14,1
2015/9/8,53,WA,0,100,100,99.99,67.96,0,2015/9/8,2015/9/14,1
2015/9/8,55,WI,89.38,10.62,3.11,0,0,0,2015/9/8,2015/9/14,1
2015/9/8,54,WV,58.79,41.21,0,0,0,0,2015/9/8,2015/9/14,1
2015/9/8,56,WY,81.3,18.7,0.84,0,0,0,2015/9/8,2015/9/14,1
2015/9/15,2,AK,42.51,57.49,9.9,0,0,0,2015/9/15,2015/9/21,1
2015/9/15,1,AL,33.21,66.79,17.3,0,0,0,2015/9/15,2015/9/21,1
2015/9/15,5,AR,52.86,47.14,32.52,9.63,1.94,0,2015/9/15,2015/9/21,1
2015/9/15,4,AZ,7.04,92.96,70.88,5.57,0,0,2015/9/15,2015/9/21,1
2015/9/15,6,CA,0.14,99.86,97.33,92.36,71.08,46,2015/9/15,2015/9/21,1
2015/9/15,8,CO,89.49,10.51,0,0,0,0,2015/9/15,2015/9/21,1
2015/9/15,9,CT,0,100,37.41,0,0,0,2015/9/15,2015/9/21,1
2015/9/15,11,DC,0,100,0,0,0,0,2015/9/15,2015/9/21,1
2015/9/15,10,DE,66.41,33.59,0,0,0,0,2015/9/15,2015/9/21,1
2015/9/15,12,FL,70.02,29.98,18.14,3.41,0,0,2015/9/15,2015/9/21,1
2015/9/15,13,GA,57.73,42.27,21.2,3.25,0,0,2015/9/15,2015/9/21,1
2015/9/15,15,HI,82.17,17.83,2.86,0,0,0,2015/9/15,2015/9/21,1
2015/9/15,19,IA,96.05,3.95,0,0,0,0,2015/9/15,2015/9/21,1
2015/9/15,16,ID,0,100,92.01,48.09,29.26,0,2015/9/15,2015/9/21,1
2015/9/15,17,IL,97.95,2.05,0,0,0,0,2015/9/15,2015/9/21,1
2015/9/15,18,IN,82.26,17.74,0,0,0,0,2015/9/15,2015/9/21,1
2015/9/15,20,KS,81.39,18.61,1.65,0,0,0,2015/9/15,2015/9/21,1
2015/9/15,21,KY,49.89,50.11,0,0,0,0,2015/9/15,2015/9/21,1
2015/9/15,22,LA,6.03,93.97,72.11,41.24,12.54,0,2015/9/15,2015/9/21,1
2015/9/15,25,MA,34.81,65.19,0.23,0,0,0,2015/9/15,2015/9/21,1
2015/9/15,24,MD,51.95,48.05,0,0,0,0,2015/9/15,2015/9/21,1
2015/9/15,23,ME,76.46,23.54,7.24,0,0,0,2015/9/15,2015/9/21,1
2015/9/15,26,MI,81.67,18.33,0,0,0,0,2015/9/15,2015/9/21,1
2015/9/15,27,MN,98.5,1.5,0,0,0,0,2015/9/15,2015/9/21,1
2015/9/15,29,MO,97.45,2.55,0,0,0,0,2015/9/15,2015/9/21,1
2015/9/15,28,MS,26.25,73.75,51.52,22.23,3.44,0,2015/9/15,2015/9/21,1
2015/9/15,30,MT,28.22,71.78,38.58,28.91,18.84,0,2015/9/15,2015/9/21,1
2015/9/15,37,NC,15.52,84.48,39.77,4.87,0,0,2015/9/15,2015/9/21,1
2015/9/15,38,ND,94.77,5.23,0,0,0,0,2015/9/15,2015/9/21,1
2015/9/15,31,NE,73.56,26.44,0,0,0,0,2015/9/15,2015/9/21,1
2015/9/15,33,NH,25.64,74.36,8.04,0,0,0,2015/9/15,2015/9/21,1
2015/9/15,34,NJ,11.69,88.31,17.43,0,0,0,2015/9/15,2015/9/21,1
2015/9/15,35,NM,49.44,50.56,13.04,0,0,0,2015/9/15,2015/9/21,1
2015/9/15,32,NV,0,100,94.76,76.08,37.52,15.93,2015/9/15,2015/9/21,1
2015/9/15,36,NY,39.52,60.48,4.23,0,0,0,2015/9/15,2015/9/21,1
2015/9/15,39,OH,79.53,20.47,0,0,0,0,2015/9/15,2015/9/21,1
2015/9/15,40,OK,47.59,52.41,15.55,4.54,0,0,2015/9/15,2015/9/21,1
2015/9/15,41,OR,0,100,100,100,67.28,0,2015/9/15,2015/9/21,1
2015/9/15,42,PA,65.54,34.46,0,0,0,0,2015/9/15,2015/9/21,1
2015/9/15,72,PR,22.43,77.57,57.59,44.96,17.98,0,2015/9/15,2015/9/21,1
2015/9/15,44,RI,19.56,80.44,15.14,0,0,0,2015/9/15,2015/9/21,1
2015/9/15,45,SC,7.24,92.76,65.81,33.49,0,0,2015/9/15,2015/9/21,1
2015/9/15,46,SD,99.05,0.95,0,0,0,0,2015/9/15,2015/9/21,1
2015/9/15,47,TN,84.75,15.25,0,0,0,0,2015/9/15,2015/9/21,1
2015/9/15,48,TX,48.77,51.23,26.71,10.46,3.92,0,2015/9/15,2015/9/21,1
2015/9/15,49,UT,11.92,88.08,63.03,26.82,0,0,2015/9/15,2015/9/21,1
2015/9/15,51,VA,24.51,75.49,0,0,0,0,2015/9/15,2015/9/21,1
2015/9/15,50,VT,49.71,50.29,0,0,0,0,2015/9/15,2015/9/21,1
2015/9/15,53,WA,0,100,100,99.99,67.96,0,2015/9/15,2015/9/21,1
2015/9/15,55,WI,89.38,10.62,3.11,0,0,0,2015/9/15,2015/9/21,1
2015/9/15,54,WV,54.56,45.44,0,0,0,0,2015/9/15,2015/9/21,1
2015/9/15,56,WY,81.3,18.7,0.8,0,0,0,2015/9/15,2015/9/21,1
2015/9/22,2,AK,57.45,42.55,3.58,0,0,0,2015/9/22,2015/9/28,1
2015/9/22,1,AL,33.16,66.84,17.42,0,0,0,2015/9/22,2015/9/28,1
2015/9/22,5,AR,50.38,49.62,32.96,11.26,2.61,0,2015/9/22,2015/9/28,1
2015/9/22,4,AZ,7.04,92.96,64.41,3.8,0,0,2015/9/22,2015/9/28,1
2015/9/22,6,CA,0.14,99.86,97.33,92.36,71.08,46,2015/9/22,2015/9/28,1
2015/9/22,8,CO,74.43,25.57,0,0,0,0,2015/9/22,2015/9/28,1
2015/9/22,9,CT,0,100,64.43,0,0,0,2015/9/22,2015/9/28,1
2015/9/22,11,DC,0,100,0,0,0,0,2015/9/22,2015/9/28,1
2015/9/22,10,DE,56.19,43.81,0,0,0,0,2015/9/22,2015/9/28,1
2015/9/22,12,FL,72.93,27.07,15.07,0.45,0,0,2015/9/22,2015/9/28,1
2015/9/22,13,GA,57.39,42.61,20.95,1.33,0,0,2015/9/22,2015/9/28,1
2015/9/22,15,HI,95.82,4.18,2.87,0,0,0,2015/9/22,2015/9/28,1
2015/9/22,19,IA,96.97,3.03,0,0,0,0,2015/9/22,2015/9/28,1
2015/9/22,16,ID,0,100,85.59,47.55,29.26,0,2015/9/22,2015/9/28,1
2015/9/22,17,IL,97.36,2.64,0,0,0,0,2015/9/22,2015/9/28,1
2015/9/22,18,IN,69.52,30.48,1.38,0,0,0,2015/9/22,2015/9/28,1
2015/9/22,20,KS,80.52,19.48,4.48,0,0,0,2015/9/22,2015/9/28,1
2015/9/22,21,KY,41.16,58.84,9.17,0,0,0,2015/9/22,2015/9/28,1
2015/9/22,22,LA,4.4,95.6,72.65,43.9,14.62,0,2015/9/22,2015/9/28,1
2015/9/22,25,MA,14.52,85.48,2.14,0,0,0,2015/9/22,2015/9/28,1
2015/9/22,24,MD,40.69,59.31,0,0,0,0,2015/9/22,2015/9/28,1
2015/9/22,23,ME,73.73,26.27,9.56,0,0,0,2015/9/22,2015/9/28,1
2015/9/22,26,MI,81.67,18.33,0,0,0,0,2015/9/22,2015/9/28,1
2015/9/22,27,MN,98.5,1.5,0,0,0,0,2015/9/22,2015/9/28,1
2015/9/22,29,MO,84.19,15.81,0,0,0,0,2015/9/22,2015/9/28,1
2015/9/22,28,MS,22.79,77.21,54.38,23.26,6.23,0,2015/9/22,2015/9/28,1
2015/9/22,30,MT,30.48,69.52,38.18,28.91,18.84,0,2015/9/22,2015/9/28,1
2015/9/22,37,NC,15.36,84.64,41.06,10.32,0,0,2015/9/22,2015/9/28,1
2015/9/22,38,ND,84.39,15.61,0,0,0,0,2015/9/22,2015/9/28,1
2015/9/22,31,NE,71.05,28.95,0,0,0,0,2015/9/22,2015/9/28,1
2015/9/22,33,NH,25.64,74.36,8.04,0,0,0,2015/9/22,2015/9/28,1
2015/9/22,34,NJ,11.69,88.31,17.43,0,0,0,2015/9/22,2015/9/28,1
2015/9/22,35,NM,48.38,51.62,9.85,0,0,0,2015/9/22,2015/9/28,1
2015/9/22,32,NV,0,100,94.76,76.08,37.52,15.93,2015/9/22,2015/9/28,1
2015/9/22,36,NY,37.33,62.67,4.24,0,0,0,2015/9/22,2015/9/28,1
2015/9/22,39,OH,77.24,22.76,0,0,0,0,2015/9/22,2015/9/28,1
2015/9/22,40,OK,52.8,47.2,10.85,3.3,0.69,0,2015/9/22,2015/9/28,1
2015/9/22,41,OR,0,100,100,100,67.28,0,2015/9/22,2015/9/28,1
2015/9/22,42,PA,61.52,38.48,0,0,0,0,2015/9/22,2015/9/28,1
2015/9/22,72,PR,28.82,71.18,54.97,38.44,14.74,0,2015/9/22,2015/9/28,1
2015/9/22,44,RI,12.07,87.93,51.55,0,0,0,2015/9/22,2015/9/28,1
2015/9/22,45,SC,7.24,92.76,65.81,25.6,0,0,2015/9/22,2015/9/28,1
2015/9/22,46,SD,94.83,5.17,0,0,0,0,2015/9/22,2015/9/28,1
2015/9/22,47,TN,77.48,22.52,0.39,0,0,0,2015/9/22,2015/9/28,1
2015/9/22,48,TX,40.27,59.73,30.4,14.04,4.72,0,2015/9/22,2015/9/28,1
2015/9/22,49,UT,11.92,88.08,63.03,26.82,0,0,2015/9/22,2015/9/28,1
2015/9/22,51,VA,19.72,80.28,0,0,0,0,2015/9/22,2015/9/28,1
2015/9/22,50,VT,33.8,66.2,0,0,0,0,2015/9/22,2015/9/28,1
2015/9/22,53,WA,0,100,100,100,67.96,0,2015/9/22,2015/9/28,1
2015/9/22,55,WI,91.74,8.26,1.79,0,0,0,2015/9/22,2015/9/28,1
2015/9/22,54,WV,9.39,90.61,0,0,0,0,2015/9/22,2015/9/28,1
2015/9/22,56,WY,72.41,27.59,0.48,0,0,0,2015/9/22,2015/9/28,1
2015/9/29,2,AK,57.45,42.55,3.58,0,0,0,2015/9/29,2015/10/5,1
2015/9/29,1,AL,37.12,62.88,4.86,0,0,0,2015/9/29,2015/10/5,1
2015/9/29,5,AR,39.3,60.7,42.41,16.89,4.64,0,2015/9/29,2015/10/5,1
2015/9/29,4,AZ,10.48,89.52,62.6,3.28,0,0,2015/9/29,2015/10/5,1
2015/9/29,6,CA,0.14,99.86,97.33,92.36,71.08,46,2015/9/29,2015/10/5,1
2015/9/29,8,CO,71.49,28.51,0,0,0,0,2015/9/29,2015/10/5,1
2015/9/29,9,CT,0,100,88.01,0,0,0,2015/9/29,2015/10/5,1
2015/9/29,11,DC,0,100,0,0,0,0,2015/9/29,2015/10/5,1
2015/9/29,10,DE,56.19,43.81,0,0,0,0,2015/9/29,2015/10/5,1
2015/9/29,12,FL,82.72,17.28,4,0,0,0,2015/9/29,2015/10/5,1
2015/9/29,13,GA,63.46,36.54,17.71,1.2,0,0,2015/9/29,2015/10/5,1
2015/9/29,15,HI,96.75,3.25,0,0,0,0,2015/9/29,2015/10/5,1
2015/9/29,19,IA,94.52,5.48,0,0,0,0,2015/9/29,2015/10/5,1
2015/9/29,16,ID,0,100,85.59,47.55,29.26,0,2015/9/29,2015/10/5,1
2015/9/29,17,IL,82.81,17.19,0,0,0,0,2015/9/29,2015/10/5,1
2015/9/29,18,IN,69.52,30.48,1.38,0,0,0,2015/9/29,2015/10/5,1
2015/9/29,20,KS,80.79,19.21,4.48,0,0,0,2015/9/29,2015/10/5,1
2015/9/29,21,KY,40.81,59.19,9.17,0,0,0,2015/9/29,2015/10/5,1
2015/9/29,22,LA,6.86,93.14,71.14,45.44,15.22,0,2015/9/29,2015/10/5,1
2015/9/29,25,MA,12.9,87.1,30.43,0,0,0,2015/9/29,2015/10/5,1
2015/9/29,24,MD,40.69,59.31,0,0,0,0,2015/9/29,2015/10/5,1
2015/9/29,23,ME,73.73,26.27,9.78,0,0,0,2015/9/29,2015/10/5,1
2015/9/29,26,MI,81.86,18.14,0,0,0,0,2015/9/29,2015/10/5,1
2015/9/29,27,MN,90.4,9.6,0,0,0,0,2015/9/29,2015/10/5,1
2015/9/29,29,MO,69.09,30.91,0,0,0,0,2015/9/29,2015/10/5,1
2015/9/29,28,MS,18.2,81.8,56.71,31.08,6.55,0,2015/9/29,2015/10/5,1
2015/9/29,30,MT,30.55,69.45,38.18,28.78,16.92,0,2015/9/29,2015/10/5,1
2015/9/29,37,NC,35.61,64.39,17.66,1.89,0,0,2015/9/29,2015/10/5,1
2015/9/29,38,ND,79.57,20.43,0,0,0,0,2015/9/29,2015/10/5,1
2015/9/29,31,NE,71.41,28.59,0,0,0,0,2015/9/29,2015/10/5,1
2015/9/29,33,NH,25.64,74.36,20.42,0,0,0,2015/9/29,2015/10/5,1
2015/9/29,34,NJ,9.55,90.45,42.93,0,0,0,2015/9/29,2015/10/5,1
2015/9/29,35,NM,56.7,43.3,7.94,0,0,0,2015/9/29,2015/10/5,1
2015/9/29,32,NV,0,100,94.76,76.08,37.52,15.93,2015/9/29,2015/10/5,1
2015/9/29,36,NY,37.33,62.67,5.18,0,0,0,2015/9/29,2015/10/5,1
2015/9/29,39,OH,77.24,22.76,0,0,0,0,2015/9/29,2015/10/5,1
2015/9/29,40,OK,52.6,47.4,16.79,6.37,0.97,0,2015/9/29,2015/10/5,1
2015/9/29,41,OR,0,100,100,100,67.29,0,2015/9/29,2015/10/5,1
2015/9/29,42,PA,61.52,38.48,0,0,0,0,2015/9/29,2015/10/5,1
2015/9/29,72,PR,29.55,70.45,45.15,38.44,14.74,0,2015/9/29,2015/10/5,1
2015/9/29,44,RI,12.07,87.93,52.33,0,0,0,2015/9/29,2015/10/5,1
2015/9/29,45,SC,26.8,73.2,31.76,10.91,0,0,2015/9/29,2015/10/5,1
2015/9/29,46,SD,94.77,5.23,0,0,0,0,2015/9/29,2015/10/5,1
2015/9/29,47,TN,77.22,22.78,0.39,0,0,0,2015/9/29,2015/10/5,1
2015/9/29,48,TX,34.51,65.49,38.32,17.55,6.27,0,2015/9/29,2015/10/5,1
2015/9/29,49,UT,11.92,88.08,63.03,26.82,0,0,2015/9/29,2015/10/5,1
2015/9/29,51,VA,60.97,39.03,0,0,0,0,2015/9/29,2015/10/5,1
2015/9/29,50,VT,33.8,66.2,0,0,0,0,2015/9/29,2015/10/5,1
2015/9/29,53,WA,0,100,100,100,67.96,0,2015/9/29,2015/10/5,1
2015/9/29,55,WI,90.77,9.23,1.79,0,0,0,2015/9/29,2015/10/5,1
2015/9/29,54,WV,14.72,85.28,0,0,0,0,2015/9/29,2015/10/5,1
2015/9/29,56,WY,60.81,39.19,0.48,0,0,0,2015/9/29,2015/10/5,1
